"StateFIPS","State","CountyFIPS","County","Year","Value","Data Comment",
"04","Arizona","04001","Apache","2022","10","",
"04","Arizona","04003","Cochise","2022","56","",
"04","Arizona","04005","Coconino","2022","37","",
"04","Arizona","04007","Gila","2022","8","",
"04","Arizona","04009","Graham","2022","Suppressed","",
"04","Arizona","04011","Greenlee","2022","0","",
"04","Arizona","04012","La Paz","2022","Suppressed","",
"04","Arizona","04013","Maricopa","2022","1,433","",
"04","Arizona","04015","Mohave","2022","27","",
"04","Arizona","04017","Navajo","2022","51","",
"04","Arizona","04019","Pima","2022","505","",
"04","Arizona","04021","Pinal","2022","172","",
"04","Arizona","04023","Santa Cruz","2022","12","",
"04","Arizona","04025","Yavapai","2022","68","",
"04","Arizona","04027","Yuma","2022","28","",
"12","Florida","12001","Alachua","2022","211","",
"12","Florida","12003","Baker","2022","10","",
"12","Florida","12005","Bay","2022","52","",
"12","Florida","12007","Bradford","2022","15","",
"12","Florida","12009","Brevard","2022","190","",
"12","Florida","12011","Broward","2022","1,020","",
"12","Florida","12013","Calhoun","2022","Suppressed","",
"12","Florida","12015","Charlotte","2022","62","",
"12","Florida","12017","Citrus","2022","26","",
"12","Florida","12019","Clay","2022","72","",
"12","Florida","12021","Collier","2022","126","",
"12","Florida","12023","Columbia","2022","34","",
"12","Florida","12027","DeSoto","2022","13","",
"12","Florida","12029","Dixie","2022","6","",
"12","Florida","12031","Duval","2022","458","",
"12","Florida","12033","Escambia","2022","120","",
"12","Florida","12035","Flagler","2022","27","",
"12","Florida","12037","Franklin","2022","0","",
"12","Florida","12039","Gadsden","2022","8","",
"12","Florida","12041","Gilchrist","2022","8","",
"12","Florida","12043","Glades","2022","Suppressed","",
"12","Florida","12045","Gulf","2022","Suppressed","",
"12","Florida","12047","Hamilton","2022","9","",
"12","Florida","12049","Hardee","2022","Suppressed","",
"12","Florida","12051","Hendry","2022","18","",
"12","Florida","12053","Hernando","2022","63","",
"12","Florida","12055","Highlands","2022","35","",
"12","Florida","12057","Hillsborough","2022","707","",
"12","Florida","12059","Holmes","2022","Suppressed","",
"12","Florida","12061","Indian River","2022","44","",
"12","Florida","12063","Jackson","2022","7","",
"12","Florida","12065","Jefferson","2022","Suppressed","",
"12","Florida","12067","Lafayette","2022","Suppressed","",
"12","Florida","12069","Lake","2022","136","",
"12","Florida","12071","Lee","2022","283","",
"12","Florida","12073","Leon","2022","60","",
"12","Florida","12075","Levy","2022","21","",
"12","Florida","12077","Liberty","2022","Suppressed","",
"12","Florida","12079","Madison","2022","0","",
"12","Florida","12081","Manatee","2022","98","",
"12","Florida","12083","Marion","2022","167","",
"12","Florida","12085","Martin","2022","61","",
"12","Florida","12086","Miami-Dade","2022","1,280","",
"12","Florida","12087","Monroe","2022","16","",
"12","Florida","12089","Nassau","2022","26","",
"12","Florida","12091","Okaloosa","2022","40","",
"12","Florida","12093","Okeechobee","2022","22","",
"12","Florida","12095","Orange","2022","883","",
"12","Florida","12097","Osceola","2022","336","",
"12","Florida","12099","Palm Beach","2022","720","",
"12","Florida","12101","Pasco","2022","245","",
"12","Florida","12103","Pinellas","2022","307","",
"12","Florida","12105","Polk","2022","369","",
"12","Florida","12107","Putnam","2022","29","",
"12","Florida","12113","Santa Rosa","2022","49","",
"12","Florida","12115","Sarasota","2022","99","",
"12","Florida","12117","Seminole","2022","215","",
"12","Florida","12109","St. Johns","2022","81","",
"12","Florida","12111","St. Lucie","2022","159","",
"12","Florida","12119","Sumter","2022","19","",
"12","Florida","12121","Suwannee","2022","21","",
"12","Florida","12123","Taylor","2022","Suppressed","",
"12","Florida","12125","Union","2022","17","",
"12","Florida","12127","Volusia","2022","243","",
"12","Florida","12129","Wakulla","2022","Suppressed","",
"12","Florida","12131","Walton","2022","20","",
"12","Florida","12133","Washington","2022","7","",
"19","Iowa","19001","Adair","2022","0","",
"19","Iowa","19003","Adams","2022","0","",
"19","Iowa","19005","Allamakee","2022","Suppressed","",
"19","Iowa","19007","Appanoose","2022","Suppressed","",
"19","Iowa","19009","Audubon","2022","Suppressed","",
"19","Iowa","19011","Benton","2022","Suppressed","",
"19","Iowa","19013","Black Hawk","2022","25","",
"19","Iowa","19015","Boone","2022","Suppressed","",
"19","Iowa","19017","Bremer","2022","Suppressed","",
"19","Iowa","19019","Buchanan","2022","Suppressed","",
"19","Iowa","19021","Buena Vista","2022","Suppressed","",
"19","Iowa","19023","Butler","2022","Suppressed","",
"19","Iowa","19025","Calhoun","2022","Suppressed","",
"19","Iowa","19027","Carroll","2022","Suppressed","",
"19","Iowa","19029","Cass","2022","Suppressed","",
"19","Iowa","19031","Cedar","2022","Suppressed","",
"19","Iowa","19033","Cerro Gordo","2022","17","",
"19","Iowa","19035","Cherokee","2022","Suppressed","",
"19","Iowa","19037","Chickasaw","2022","Suppressed","",
"19","Iowa","19039","Clarke","2022","Suppressed","",
"19","Iowa","19041","Clay","2022","0","",
"19","Iowa","19043","Clayton","2022","Suppressed","",
"19","Iowa","19045","Clinton","2022","6","",
"19","Iowa","19047","Crawford","2022","0","",
"19","Iowa","19049","Dallas","2022","7","",
"19","Iowa","19051","Davis","2022","0","",
"19","Iowa","19053","Decatur","2022","Suppressed","",
"19","Iowa","19055","Delaware","2022","Suppressed","",
"19","Iowa","19057","Des Moines","2022","11","",
"19","Iowa","19059","Dickinson","2022","Suppressed","",
"19","Iowa","19061","Dubuque","2022","22","",
"19","Iowa","19063","Emmet","2022","Suppressed","",
"19","Iowa","19065","Fayette","2022","Suppressed","",
"19","Iowa","19067","Floyd","2022","Suppressed","",
"19","Iowa","19069","Franklin","2022","Suppressed","",
"19","Iowa","19071","Fremont","2022","Suppressed","",
"19","Iowa","19073","Greene","2022","0","",
"19","Iowa","19075","Grundy","2022","Suppressed","",
"19","Iowa","19077","Guthrie","2022","Suppressed","",
"19","Iowa","19079","Hamilton","2022","0","",
"19","Iowa","19081","Hancock","2022","Suppressed","",
"19","Iowa","19083","Hardin","2022","Suppressed","",
"19","Iowa","19085","Harrison","2022","0","",
"19","Iowa","19087","Henry","2022","Suppressed","",
"19","Iowa","19089","Howard","2022","Suppressed","",
"19","Iowa","19091","Humboldt","2022","0","",
"19","Iowa","19093","Ida","2022","0","",
"19","Iowa","19095","Iowa","2022","Suppressed","",
"19","Iowa","19097","Jackson","2022","Suppressed","",
"19","Iowa","19099","Jasper","2022","Suppressed","",
"19","Iowa","19101","Jefferson","2022","Suppressed","",
"19","Iowa","19103","Johnson","2022","18","",
"19","Iowa","19105","Jones","2022","Suppressed","",
"19","Iowa","19107","Keokuk","2022","Suppressed","",
"19","Iowa","19109","Kossuth","2022","Suppressed","",
"19","Iowa","19111","Lee","2022","9","",
"19","Iowa","19113","Linn","2022","62","",
"19","Iowa","19115","Louisa","2022","Suppressed","",
"19","Iowa","19117","Lucas","2022","Suppressed","",
"19","Iowa","19119","Lyon","2022","0","",
"19","Iowa","19121","Madison","2022","Suppressed","",
"19","Iowa","19123","Mahaska","2022","Suppressed","",
"19","Iowa","19125","Marion","2022","Suppressed","",
"19","Iowa","19127","Marshall","2022","Suppressed","",
"19","Iowa","19129","Mills","2022","0","",
"19","Iowa","19131","Mitchell","2022","Suppressed","",
"19","Iowa","19133","Monona","2022","Suppressed","",
"19","Iowa","19135","Monroe","2022","Suppressed","",
"19","Iowa","19137","Montgomery","2022","0","",
"19","Iowa","19139","Muscatine","2022","Suppressed","",
"19","Iowa","19141","O'Brien","2022","0","",
"19","Iowa","19143","Osceola","2022","0","",
"19","Iowa","19145","Page","2022","Suppressed","",
"19","Iowa","19147","Palo Alto","2022","0","",
"19","Iowa","19149","Plymouth","2022","Suppressed","",
"19","Iowa","19151","Pocahontas","2022","0","",
"19","Iowa","19153","Polk","2022","109","",
"19","Iowa","19155","Pottawattamie","2022","6","",
"19","Iowa","19157","Poweshiek","2022","Suppressed","",
"19","Iowa","19159","Ringgold","2022","0","",
"19","Iowa","19161","Sac","2022","0","",
"19","Iowa","19163","Scott","2022","52","",
"19","Iowa","19165","Shelby","2022","Suppressed","",
"19","Iowa","19167","Sioux","2022","Suppressed","",
"19","Iowa","19169","Story","2022","17","",
"19","Iowa","19171","Tama","2022","Suppressed","",
"19","Iowa","19173","Taylor","2022","0","",
"19","Iowa","19175","Union","2022","0","",
"19","Iowa","19177","Van Buren","2022","Suppressed","",
"19","Iowa","19179","Wapello","2022","Suppressed","",
"19","Iowa","19181","Warren","2022","Suppressed","",
"19","Iowa","19183","Washington","2022","Suppressed","",
"19","Iowa","19185","Wayne","2022","0","",
"19","Iowa","19187","Webster","2022","Suppressed","",
"19","Iowa","19189","Winnebago","2022","Suppressed","",
"19","Iowa","19191","Winneshiek","2022","Suppressed","",
"19","Iowa","19193","Woodbury","2022","13","",
"19","Iowa","19195","Worth","2022","Suppressed","",
"19","Iowa","19197","Wright","2022","Suppressed","",
"34","New Jersey","34001","Atlantic","2022","164","",
"34","New Jersey","34003","Bergen","2022","390","",
"34","New Jersey","34005","Burlington","2022","340","",
"34","New Jersey","34007","Camden","2022","550","",
"34","New Jersey","34009","Cape May","2022","54","",
"34","New Jersey","34011","Cumberland","2022","171","",
"34","New Jersey","34013","Essex","2022","828","",
"34","New Jersey","34015","Gloucester","2022","105","",
"34","New Jersey","34017","Hudson","2022","414","",
"34","New Jersey","34019","Hunterdon","2022","27","",
"34","New Jersey","34021","Mercer","2022","185","",
"34","New Jersey","34023","Middlesex","2022","478","",
"34","New Jersey","34025","Monmouth","2022","294","",
"34","New Jersey","34027","Morris","2022","141","",
"34","New Jersey","34029","Ocean","2022","276","",
"34","New Jersey","34031","Passaic","2022","288","",
"34","New Jersey","34033","Salem","2022","14","",
"34","New Jersey","34035","Somerset","2022","128","",
"34","New Jersey","34037","Sussex","2022","39","",
"34","New Jersey","34039","Union","2022","253","",
"34","New Jersey","34041","Warren","2022","38","",
"35","New Mexico","35001","Bernalillo","2022","354","",
"35","New Mexico","35003","Catron","2022","0","",
"35","New Mexico","35005","Chaves","2022","20","",
"35","New Mexico","35006","Cibola","2022","11","",
"35","New Mexico","35007","Colfax","2022","7","",
"35","New Mexico","35009","Curry","2022","35","",
"35","New Mexico","35011","De Baca","2022","Suppressed","",
"35","New Mexico","35013","Dona Ana","2022","78","",
"35","New Mexico","35015","Eddy","2022","19","",
"35","New Mexico","35017","Grant","2022","14","",
"35","New Mexico","35019","Guadalupe","2022","0","",
"35","New Mexico","35021","Harding","2022","0","",
"35","New Mexico","35023","Hidalgo","2022","0","",
"35","New Mexico","35025","Lea","2022","13","",
"35","New Mexico","35027","Lincoln","2022","6","",
"35","New Mexico","35028","Los Alamos","2022","Suppressed","",
"35","New Mexico","35029","Luna","2022","8","",
"35","New Mexico","35031","McKinley","2022","18","",
"35","New Mexico","35033","Mora","2022","Suppressed","",
"35","New Mexico","35035","Otero","2022","21","",
"35","New Mexico","35037","Quay","2022","Suppressed","",
"35","New Mexico","35039","Rio Arriba","2022","18","",
"35","New Mexico","35041","Roosevelt","2022","Suppressed","",
"35","New Mexico","35045","San Juan","2022","50","",
"35","New Mexico","35047","San Miguel","2022","17","",
"35","New Mexico","35043","Sandoval","2022","84","",
"35","New Mexico","35049","Santa Fe","2022","56","",
"35","New Mexico","35051","Sierra","2022","Suppressed","",
"35","New Mexico","35053","Socorro","2022","11","",
"35","New Mexico","35055","Taos","2022","18","",
"35","New Mexico","35057","Torrance","2022","10","",
"35","New Mexico","35059","Union","2022","0","",
"35","New Mexico","35061","Valencia","2022","37","",
"36","New York","36001","Albany","2022","141","",
"36","New York","36003","Allegany","2022","11","",
"36","New York","36005","Bronx","2022","3,879","",
"36","New York","36007","Broome","2022","82","",
"36","New York","36009","Cattaraugus","2022","20","",
"36","New York","36011","Cayuga","2022","19","",
"36","New York","36013","Chautauqua","2022","27","",
"36","New York","36015","Chemung","2022","42","",
"36","New York","36017","Chenango","2022","15","",
"36","New York","36019","Clinton","2022","13","",
"36","New York","36021","Columbia","2022","15","",
"36","New York","36023","Cortland","2022","18","",
"36","New York","36025","Delaware","2022","14","",
"36","New York","36027","Dutchess","2022","165","",
"36","New York","36029","Erie","2022","484","",
"36","New York","36031","Essex","2022","6","",
"36","New York","36033","Franklin","2022","14","",
"36","New York","36035","Fulton","2022","11","",
"36","New York","36037","Genesee","2022","14","",
"36","New York","36039","Greene","2022","11","",
"36","New York","36041","Hamilton","2022","0","",
"36","New York","36043","Herkimer","2022","9","",
"36","New York","36045","Jefferson","2022","38","",
"36","New York","36047","Kings","2022","2,321","",
"36","New York","36049","Lewis","2022","Suppressed","",
"36","New York","36051","Livingston","2022","15","",
"36","New York","36053","Madison","2022","6","",
"36","New York","36055","Monroe","2022","521","",
"36","New York","36057","Montgomery","2022","24","",
"36","New York","36059","Nassau","2022","870","",
"36","New York","36061","New York","2022","1,404","",
"36","New York","36063","Niagara","2022","81","",
"36","New York","36065","Oneida","2022","68","",
"36","New York","36067","Onondaga","2022","208","",
"36","New York","36069","Ontario","2022","21","",
"36","New York","36071","Orange","2022","262","",
"36","New York","36073","Orleans","2022","11","",
"36","New York","36075","Oswego","2022","29","",
"36","New York","36077","Otsego","2022","9","",
"36","New York","36079","Putnam","2022","41","",
"36","New York","36081","Queens","2022","1,751","",
"36","New York","36083","Rensselaer","2022","51","",
"36","New York","36085","Richmond","2022","409","",
"36","New York","36087","Rockland","2022","144","",
"36","New York","36091","Saratoga","2022","65","",
"36","New York","36093","Schenectady","2022","89","",
"36","New York","36095","Schoharie","2022","Suppressed","",
"36","New York","36097","Schuyler","2022","Suppressed","",
"36","New York","36099","Seneca","2022","11","",
"36","New York","36089","St. Lawrence","2022","24","",
"36","New York","36101","Steuben","2022","33","",
"36","New York","36103","Suffolk","2022","756","",
"36","New York","36105","Sullivan","2022","49","",
"36","New York","36107","Tioga","2022","10","",
"36","New York","36109","Tompkins","2022","22","",
"36","New York","36111","Ulster","2022","81","",
"36","New York","36113","Warren","2022","28","",
"36","New York","36115","Washington","2022","24","",
"36","New York","36117","Wayne","2022","30","",
"36","New York","36119","Westchester","2022","668","",
"36","New York","36121","Wyoming","2022","Suppressed","",
"36","New York","36123","Yates","2022","Suppressed","",
"37","North Carolina","37001","Alamance","2022","70","",
"37","North Carolina","37003","Alexander","2022","7","",
"37","North Carolina","37005","Alleghany","2022","Suppressed","",
"37","North Carolina","37007","Anson","2022","14","",
"37","North Carolina","37009","Ashe","2022","Suppressed","",
"37","North Carolina","37011","Avery","2022","Suppressed","",
"37","North Carolina","37013","Beaufort","2022","16","",
"37","North Carolina","37015","Bertie","2022","9","",
"37","North Carolina","37017","Bladen","2022","15","",
"37","North Carolina","37019","Brunswick","2022","16","",
"37","North Carolina","37021","Buncombe","2022","36","",
"37","North Carolina","37023","Burke","2022","11","",
"37","North Carolina","37025","Cabarrus","2022","84","",
"37","North Carolina","37027","Caldwell","2022","31","",
"37","North Carolina","37029","Camden","2022","Suppressed","",
"37","North Carolina","37031","Carteret","2022","15","",
"37","North Carolina","37033","Caswell","2022","Suppressed","",
"37","North Carolina","37035","Catawba","2022","27","",
"37","North Carolina","37037","Chatham","2022","13","",
"37","North Carolina","37039","Cherokee","2022","Suppressed","",
"37","North Carolina","37041","Chowan","2022","Suppressed","",
"37","North Carolina","37043","Clay","2022","0","",
"37","North Carolina","37045","Cleveland","2022","46","",
"37","North Carolina","37047","Columbus","2022","12","",
"37","North Carolina","37049","Craven","2022","30","",
"37","North Carolina","37051","Cumberland","2022","168","",
"37","North Carolina","37053","Currituck","2022","Suppressed","",
"37","North Carolina","37055","Dare","2022","Suppressed","",
"37","North Carolina","37057","Davidson","2022","39","",
"37","North Carolina","37059","Davie","2022","11","",
"37","North Carolina","37061","Duplin","2022","17","",
"37","North Carolina","37063","Durham","2022","140","",
"37","North Carolina","37065","Edgecombe","2022","35","",
"37","North Carolina","37067","Forsyth","2022","132","",
"37","North Carolina","37069","Franklin","2022","32","",
"37","North Carolina","37071","Gaston","2022","95","",
"37","North Carolina","37073","Gates","2022","0","",
"37","North Carolina","37075","Graham","2022","0","",
"37","North Carolina","37077","Granville","2022","27","",
"37","North Carolina","37079","Greene","2022","12","",
"37","North Carolina","37081","Guilford","2022","238","",
"37","North Carolina","37083","Halifax","2022","29","",
"37","North Carolina","37085","Harnett","2022","41","",
"37","North Carolina","37087","Haywood","2022","16","",
"37","North Carolina","37089","Henderson","2022","26","",
"37","North Carolina","37091","Hertford","2022","12","",
"37","North Carolina","37093","Hoke","2022","19","",
"37","North Carolina","37095","Hyde","2022","Suppressed","",
"37","North Carolina","37097","Iredell","2022","45","",
"37","North Carolina","37099","Jackson","2022","10","",
"37","North Carolina","37101","Johnston","2022","63","",
"37","North Carolina","37103","Jones","2022","Suppressed","",
"37","North Carolina","37105","Lee","2022","12","",
"37","North Carolina","37107","Lenoir","2022","14","",
"37","North Carolina","37109","Lincoln","2022","35","",
"37","North Carolina","37113","Macon","2022","Suppressed","",
"37","North Carolina","37115","Madison","2022","Suppressed","",
"37","North Carolina","37117","Martin","2022","15","",
"37","North Carolina","37111","McDowell","2022","Suppressed","",
"37","North Carolina","37119","Mecklenburg","2022","551","",
"37","North Carolina","37121","Mitchell","2022","Suppressed","",
"37","North Carolina","37123","Montgomery","2022","9","",
"37","North Carolina","37125","Moore","2022","17","",
"37","North Carolina","37127","Nash","2022","62","",
"37","North Carolina","37129","New Hanover","2022","42","",
"37","North Carolina","37131","Northampton","2022","10","",
"37","North Carolina","37133","Onslow","2022","26","",
"37","North Carolina","37135","Orange","2022","32","",
"37","North Carolina","37137","Pamlico","2022","Suppressed","",
"37","North Carolina","37139","Pasquotank","2022","8","",
"37","North Carolina","37141","Pender","2022","14","",
"37","North Carolina","37143","Perquimans","2022","Suppressed","",
"37","North Carolina","37145","Person","2022","14","",
"37","North Carolina","37147","Pitt","2022","109","",
"37","North Carolina","37149","Polk","2022","0","",
"37","North Carolina","37151","Randolph","2022","37","",
"37","North Carolina","37153","Richmond","2022","13","",
"37","North Carolina","37155","Robeson","2022","118","",
"37","North Carolina","37157","Rockingham","2022","33","",
"37","North Carolina","37159","Rowan","2022","53","",
"37","North Carolina","37161","Rutherford","2022","19","",
"37","North Carolina","37163","Sampson","2022","20","",
"37","North Carolina","37165","Scotland","2022","25","",
"37","North Carolina","37167","Stanly","2022","28","",
"37","North Carolina","37169","Stokes","2022","12","",
"37","North Carolina","37171","Surry","2022","10","",
"37","North Carolina","37173","Swain","2022","Suppressed","",
"37","North Carolina","37175","Transylvania","2022","6","",
"37","North Carolina","37177","Tyrrell","2022","Suppressed","",
"37","North Carolina","37179","Union","2022","85","",
"37","North Carolina","37181","Vance","2022","27","",
"37","North Carolina","37183","Wake","2022","391","",
"37","North Carolina","37185","Warren","2022","10","",
"37","North Carolina","37187","Washington","2022","Suppressed","",
"37","North Carolina","37189","Watauga","2022","6","",
"37","North Carolina","37191","Wayne","2022","41","",
"37","North Carolina","37193","Wilkes","2022","13","",
"37","North Carolina","37195","Wilson","2022","20","",
"37","North Carolina","37197","Yadkin","2022","6","",
"37","North Carolina","37199","Yancey","2022","0","",
"41","Oregon","41001","Baker","2022","6","",
"41","Oregon","41003","Benton","2022","Suppressed","",
"41","Oregon","41005","Clackamas","2022","87","",
"41","Oregon","41007","Clatsop","2022","Suppressed","",
"41","Oregon","41009","Columbia","2022","19","",
"41","Oregon","41011","Coos","2022","14","",
"41","Oregon","41013","Crook","2022","Suppressed","",
"41","Oregon","41015","Curry","2022","Suppressed","",
"41","Oregon","41017","Deschutes","2022","46","",
"41","Oregon","41019","Douglas","2022","14","",
"41","Oregon","41021","Gilliam","2022","0","",
"41","Oregon","41023","Grant","2022","0","",
"41","Oregon","41025","Harney","2022","Suppressed","",
"41","Oregon","41027","Hood River","2022","Suppressed","",
"41","Oregon","41029","Jackson","2022","62","",
"41","Oregon","41031","Jefferson","2022","13","",
"41","Oregon","41033","Josephine","2022","38","",
"41","Oregon","41035","Klamath","2022","31","",
"41","Oregon","41037","Lake","2022","8","",
"41","Oregon","41039","Lane","2022","61","",
"41","Oregon","41041","Lincoln","2022","7","",
"41","Oregon","41043","Linn","2022","22","",
"41","Oregon","41045","Malheur","2022","Suppressed","",
"41","Oregon","41047","Marion","2022","85","",
"41","Oregon","41049","Morrow","2022","Suppressed","",
"41","Oregon","41051","Multnomah","2022","233","",
"41","Oregon","41053","Polk","2022","19","",
"41","Oregon","41055","Sherman","2022","Suppressed","",
"41","Oregon","41057","Tillamook","2022","Suppressed","",
"41","Oregon","41059","Umatilla","2022","16","",
"41","Oregon","41061","Union","2022","Suppressed","",
"41","Oregon","41063","Wallowa","2022","Suppressed","",
"41","Oregon","41065","Wasco","2022","11","",
"41","Oregon","41067","Washington","2022","134","",
"41","Oregon","41069","Wheeler","2022","0","",
"41","Oregon","41071","Yamhill","2022","25","",
"44","Rhode Island","44001","Bristol","2022","10","",
"44","Rhode Island","44003","Kent","2022","57","",
"44","Rhode Island","44005","Newport","2022","22","",
"44","Rhode Island","44007","Providence","2022","347","",
"44","Rhode Island","44009","Washington","2022","24","",
"45","South Carolina","45001","Abbeville","2022","Suppressed","",
"45","South Carolina","45003","Aiken","2022","23","",
"45","South Carolina","45005","Allendale","2022","0","",
"45","South Carolina","45007","Anderson","2022","51","",
"45","South Carolina","45009","Bamberg","2022","Suppressed","",
"45","South Carolina","45011","Barnwell","2022","6","",
"45","South Carolina","45013","Beaufort","2022","39","",
"45","South Carolina","45015","Berkeley","2022","72","",
"45","South Carolina","45017","Calhoun","2022","Suppressed","",
"45","South Carolina","45019","Charleston","2022","82","",
"45","South Carolina","45021","Cherokee","2022","19","",
"45","South Carolina","45023","Chester","2022","6","",
"45","South Carolina","45025","Chesterfield","2022","12","",
"45","South Carolina","45027","Clarendon","2022","14","",
"45","South Carolina","45029","Colleton","2022","21","",
"45","South Carolina","45031","Darlington","2022","25","",
"45","South Carolina","45033","Dillon","2022","17","",
"45","South Carolina","45035","Dorchester","2022","57","",
"45","South Carolina","45037","Edgefield","2022","Suppressed","",
"45","South Carolina","45039","Fairfield","2022","11","",
"45","South Carolina","45041","Florence","2022","62","",
"45","South Carolina","45043","Georgetown","2022","14","",
"45","South Carolina","45045","Greenville","2022","140","",
"45","South Carolina","45047","Greenwood","2022","27","",
"45","South Carolina","45049","Hampton","2022","6","",
"45","South Carolina","45051","Horry","2022","90","",
"45","South Carolina","45053","Jasper","2022","Suppressed","",
"45","South Carolina","45055","Kershaw","2022","33","",
"45","South Carolina","45057","Lancaster","2022","6","",
"45","South Carolina","45059","Laurens","2022","26","",
"45","South Carolina","45061","Lee","2022","Suppressed","",
"45","South Carolina","45063","Lexington","2022","106","",
"45","South Carolina","45067","Marion","2022","9","",
"45","South Carolina","45069","Marlboro","2022","Suppressed","",
"45","South Carolina","45065","McCormick","2022","Suppressed","",
"45","South Carolina","45071","Newberry","2022","10","",
"45","South Carolina","45073","Oconee","2022","17","",
"45","South Carolina","45075","Orangeburg","2022","33","",
"45","South Carolina","45077","Pickens","2022","30","",
"45","South Carolina","45079","Richland","2022","172","",
"45","South Carolina","45081","Saluda","2022","8","",
"45","South Carolina","45083","Spartanburg","2022","95","",
"45","South Carolina","45085","Sumter","2022","47","",
"45","South Carolina","45087","Union","2022","7","",
"45","South Carolina","45089","Williamsburg","2022","9","",
"45","South Carolina","45091","York","2022","13","",
"49","Utah","49001","Beaver","2022","0","",
"49","Utah","49003","Box Elder","2022","19","",
"49","Utah","49005","Cache","2022","30","",
"49","Utah","49007","Carbon","2022","Suppressed","",
"49","Utah","49009","Daggett","2022","0","",
"49","Utah","49011","Davis","2022","115","",
"49","Utah","49013","Duchesne","2022","11","",
"49","Utah","49015","Emery","2022","Suppressed","",
"49","Utah","49017","Garfield","2022","0","",
"49","Utah","49019","Grand","2022","Suppressed","",
"49","Utah","49021","Iron","2022","14","",
"49","Utah","49023","Juab","2022","0","",
"49","Utah","49025","Kane","2022","Suppressed","",
"49","Utah","49027","Millard","2022","6","",
"49","Utah","49029","Morgan","2022","Suppressed","",
"49","Utah","49031","Piute","2022","Suppressed","",
"49","Utah","49033","Rich","2022","0","",
"49","Utah","49035","Salt Lake","2022","473","",
"49","Utah","49037","San Juan","2022","Suppressed","",
"49","Utah","49039","Sanpete","2022","9","",
"49","Utah","49041","Sevier","2022","7","",
"49","Utah","49043","Summit","2022","7","",
"49","Utah","49045","Tooele","2022","35","",
"49","Utah","49047","Uintah","2022","24","",
"49","Utah","49049","Utah","2022","164","",
"49","Utah","49051","Wasatch","2022","13","",
"49","Utah","49053","Washington","2022","58","",
"49","Utah","49055","Wayne","2022","Suppressed","",
"49","Utah","49057","Weber","2022","96","",
"51","Virginia","51001","Accomack","2022","9","",
"51","Virginia","51003","Albemarle","2022","18","",
"51","Virginia","51510","Alexandria","2022","17","",
"51","Virginia","51005","Alleghany","2022","Suppressed","",
"51","Virginia","51007","Amelia","2022","Suppressed","",
"51","Virginia","51009","Amherst","2022","Suppressed","",
"51","Virginia","51011","Appomattox","2022","Suppressed","",
"51","Virginia","51013","Arlington","2022","28","",
"51","Virginia","51015","Augusta","2022","17","",
"51","Virginia","51017","Bath","2022","0","",
"51","Virginia","51019","Bedford","2022","16","",
"51","Virginia","51021","Bland","2022","Suppressed","",
"51","Virginia","51023","Botetourt","2022","Suppressed","",
"51","Virginia","51520","Bristol","2022","0","",
"51","Virginia","51025","Brunswick","2022","11","",
"51","Virginia","51027","Buchanan","2022","0","",
"51","Virginia","51029","Buckingham","2022","Suppressed","",
"51","Virginia","51530","Buena Vista","2022","Suppressed","",
"51","Virginia","51031","Campbell","2022","8","",
"51","Virginia","51033","Caroline","2022","10","",
"51","Virginia","51035","Carroll","2022","Suppressed","",
"51","Virginia","51036","Charles City","2022","Suppressed","",
"51","Virginia","51037","Charlotte","2022","Suppressed","",
"51","Virginia","51540","Charlottesville","2022","11","",
"51","Virginia","51550","Chesapeake","2022","72","",
"51","Virginia","51041","Chesterfield","2022","172","",
"51","Virginia","51043","Clarke","2022","Suppressed","",
"51","Virginia","51570","Colonial Heights","2022","7","",
"51","Virginia","51580","Covington","2022","Suppressed","",
"51","Virginia","51045","Craig","2022","Suppressed","",
"51","Virginia","51047","Culpeper","2022","16","",
"51","Virginia","51049","Cumberland","2022","Suppressed","",
"51","Virginia","51590","Danville","2022","12","",
"51","Virginia","51051","Dickenson","2022","0","",
"51","Virginia","51053","Dinwiddie","2022","6","",
"51","Virginia","51595","Emporia","2022","Suppressed","",
"51","Virginia","51057","Essex","2022","8","",
"51","Virginia","51059","Fairfax","2022","134","",
"51","Virginia","51600","Fairfax City","2022","6","",
"51","Virginia","51610","Falls Church","2022","Suppressed","",
"51","Virginia","51061","Fauquier","2022","11","",
"51","Virginia","51063","Floyd","2022","Suppressed","",
"51","Virginia","51065","Fluvanna","2022","Suppressed","",
"51","Virginia","51067","Franklin","2022","7","",
"51","Virginia","51620","Franklin City","2022","Suppressed","",
"51","Virginia","51069","Frederick","2022","20","",
"51","Virginia","51630","Fredericksburg","2022","12","",
"51","Virginia","51640","Galax","2022","Suppressed","",
"51","Virginia","51071","Giles","2022","10","",
"51","Virginia","51073","Gloucester","2022","8","",
"51","Virginia","51075","Goochland","2022","8","",
"51","Virginia","51077","Grayson","2022","0","",
"51","Virginia","51079","Greene","2022","Suppressed","",
"51","Virginia","51081","Greensville","2022","0","",
"51","Virginia","51083","Halifax","2022","13","",
"51","Virginia","51650","Hampton","2022","42","",
"51","Virginia","51085","Hanover","2022","30","",
"51","Virginia","51660","Harrisonburg","2022","27","",
"51","Virginia","51087","Henrico","2022","173","",
"51","Virginia","51089","Henry","2022","10","",
"51","Virginia","51091","Highland","2022","0","",
"51","Virginia","51670","Hopewell","2022","36","",
"51","Virginia","51093","Isle of Wight","2022","7","",
"51","Virginia","51095","James City","2022","31","",
"51","Virginia","51097","King and Queen","2022","Suppressed","",
"51","Virginia","51099","King George","2022","9","",
"51","Virginia","51101","King William","2022","Suppressed","",
"51","Virginia","51103","Lancaster","2022","Suppressed","",
"51","Virginia","51105","Lee","2022","0","",
"51","Virginia","51678","Lexington","2022","Suppressed","",
"51","Virginia","51107","Loudoun","2022","74","",
"51","Virginia","51109","Louisa","2022","6","",
"51","Virginia","51111","Lunenburg","2022","7","",
"51","Virginia","51680","Lynchburg","2022","25","",
"51","Virginia","51113","Madison","2022","6","",
"51","Virginia","51683","Manassas","2022","7","",
"51","Virginia","51685","Manassas Park","2022","0","",
"51","Virginia","51690","Martinsville","2022","8","",
"51","Virginia","51115","Mathews","2022","Suppressed","",
"51","Virginia","51117","Mecklenburg","2022","13","",
"51","Virginia","51119","Middlesex","2022","Suppressed","",
"51","Virginia","51121","Montgomery","2022","15","",
"51","Virginia","51125","Nelson","2022","Suppressed","",
"51","Virginia","51127","New Kent","2022","13","",
"51","Virginia","51700","Newport News","2022","86","",
"51","Virginia","51710","Norfolk","2022","99","",
"51","Virginia","51131","Northampton","2022","7","",
"51","Virginia","51133","Northumberland","2022","Suppressed","",
"51","Virginia","51720","Norton","2022","0","",
"51","Virginia","51135","Nottoway","2022","7","",
"51","Virginia","51137","Orange","2022","7","",
"51","Virginia","51139","Page","2022","9","",
"51","Virginia","51141","Patrick","2022","Suppressed","",
"51","Virginia","51730","Petersburg","2022","22","",
"51","Virginia","51143","Pittsylvania","2022","10","",
"51","Virginia","51735","Poquoson","2022","Suppressed","",
"51","Virginia","51740","Portsmouth","2022","35","",
"51","Virginia","51145","Powhatan","2022","Suppressed","",
"51","Virginia","51147","Prince Edward","2022","10","",
"51","Virginia","51149","Prince George","2022","10","",
"51","Virginia","51153","Prince William","2022","120","",
"51","Virginia","51155","Pulaski","2022","10","",
"51","Virginia","51750","Radford","2022","Suppressed","",
"51","Virginia","51157","Rappahannock","2022","0","",
"51","Virginia","51159","Richmond","2022","Suppressed","",
"51","Virginia","51760","Richmond City","2022","223","",
"51","Virginia","51161","Roanoke","2022","17","",
"51","Virginia","51770","Roanoke City","2022","47","",
"51","Virginia","51163","Rockbridge","2022","Suppressed","",
"51","Virginia","51165","Rockingham","2022","21","",
"51","Virginia","51167","Russell","2022","0","",
"51","Virginia","51775","Salem","2022","11","",
"51","Virginia","51169","Scott","2022","0","",
"51","Virginia","51171","Shenandoah","2022","10","",
"51","Virginia","51173","Smyth","2022","Suppressed","",
"51","Virginia","51175","Southampton","2022","Suppressed","",
"51","Virginia","51177","Spotsylvania","2022","53","",
"51","Virginia","51179","Stafford","2022","42","",
"51","Virginia","51790","Staunton","2022","11","",
"51","Virginia","51800","Suffolk","2022","22","",
"51","Virginia","51181","Surry","2022","Suppressed","",
"51","Virginia","51183","Sussex","2022","Suppressed","",
"51","Virginia","51185","Tazewell","2022","Suppressed","",
"51","Virginia","51810","Virginia Beach","2022","86","",
"51","Virginia","51187","Warren","2022","9","",
"51","Virginia","51191","Washington","2022","8","",
"51","Virginia","51820","Waynesboro","2022","13","",
"51","Virginia","51193","Westmoreland","2022","10","",
"51","Virginia","51830","Williamsburg","2022","0","",
"51","Virginia","51840","Winchester","2022","15","",
"51","Virginia","51195","Wise","2022","Suppressed","",
"51","Virginia","51197","Wythe","2022","7","",
"51","Virginia","51199","York","2022","7","",
"55","Wisconsin","55001","Adams","2022","Suppressed","",
"55","Wisconsin","55003","Ashland","2022","Suppressed","",
"55","Wisconsin","55005","Barron","2022","7","",
"55","Wisconsin","55007","Bayfield","2022","Suppressed","",
"55","Wisconsin","55009","Brown","2022","75","",
"55","Wisconsin","55011","Buffalo","2022","Suppressed","",
"55","Wisconsin","55013","Burnett","2022","Suppressed","",
"55","Wisconsin","55015","Calumet","2022","6","",
"55","Wisconsin","55017","Chippewa","2022","18","",
"55","Wisconsin","55019","Clark","2022","Suppressed","",
"55","Wisconsin","55021","Columbia","2022","8","",
"55","Wisconsin","55023","Crawford","2022","Suppressed","",
"55","Wisconsin","55025","Dane","2022","95","",
"55","Wisconsin","55027","Dodge","2022","11","",
"55","Wisconsin","55029","Door","2022","Suppressed","",
"55","Wisconsin","55031","Douglas","2022","8","",
"55","Wisconsin","55033","Dunn","2022","11","",
"55","Wisconsin","55035","Eau Claire","2022","25","",
"55","Wisconsin","55037","Florence","2022","Suppressed","",
"55","Wisconsin","55039","Fond du Lac","2022","12","",
"55","Wisconsin","55041","Forest","2022","0","",
"55","Wisconsin","55043","Grant","2022","6","",
"55","Wisconsin","55045","Green","2022","Suppressed","",
"55","Wisconsin","55047","Green Lake","2022","Suppressed","",
"55","Wisconsin","55049","Iowa","2022","Suppressed","",
"55","Wisconsin","55051","Iron","2022","0","",
"55","Wisconsin","55053","Jackson","2022","Suppressed","",
"55","Wisconsin","55055","Jefferson","2022","17","",
"55","Wisconsin","55057","Juneau","2022","Suppressed","",
"55","Wisconsin","55059","Kenosha","2022","47","",
"55","Wisconsin","55061","Kewaunee","2022","0","",
"55","Wisconsin","55063","La Crosse","2022","8","",
"55","Wisconsin","55065","Lafayette","2022","Suppressed","",
"55","Wisconsin","55067","Langlade","2022","Suppressed","",
"55","Wisconsin","55069","Lincoln","2022","Suppressed","",
"55","Wisconsin","55071","Manitowoc","2022","12","",
"55","Wisconsin","55073","Marathon","2022","15","",
"55","Wisconsin","55075","Marinette","2022","Suppressed","",
"55","Wisconsin","55077","Marquette","2022","Suppressed","",
"55","Wisconsin","55078","Menominee","2022","0","",
"55","Wisconsin","55079","Milwaukee","2022","449","",
"55","Wisconsin","55081","Monroe","2022","8","",
"55","Wisconsin","55083","Oconto","2022","Suppressed","",
"55","Wisconsin","55085","Oneida","2022","Suppressed","",
"55","Wisconsin","55087","Outagamie","2022","24","",
"55","Wisconsin","55089","Ozaukee","2022","8","",
"55","Wisconsin","55091","Pepin","2022","Suppressed","",
"55","Wisconsin","55093","Pierce","2022","8","",
"55","Wisconsin","55095","Polk","2022","6","",
"55","Wisconsin","55097","Portage","2022","7","",
"55","Wisconsin","55099","Price","2022","Suppressed","",
"55","Wisconsin","55101","Racine","2022","55","",
"55","Wisconsin","55103","Richland","2022","6","",
"55","Wisconsin","55105","Rock","2022","51","",
"55","Wisconsin","55107","Rusk","2022","Suppressed","",
"55","Wisconsin","55111","Sauk","2022","19","",
"55","Wisconsin","55113","Sawyer","2022","Suppressed","",
"55","Wisconsin","55115","Shawano","2022","Suppressed","",
"55","Wisconsin","55117","Sheboygan","2022","15","",
"55","Wisconsin","55109","St. Croix","2022","20","",
"55","Wisconsin","55119","Taylor","2022","Suppressed","",
"55","Wisconsin","55121","Trempealeau","2022","Suppressed","",
"55","Wisconsin","55123","Vernon","2022","Suppressed","",
"55","Wisconsin","55125","Vilas","2022","Suppressed","",
"55","Wisconsin","55127","Walworth","2022","13","",
"55","Wisconsin","55129","Washburn","2022","Suppressed","",
"55","Wisconsin","55131","Washington","2022","24","",
"55","Wisconsin","55133","Waukesha","2022","71","",
"55","Wisconsin","55135","Waupaca","2022","9","",
"55","Wisconsin","55137","Waushara","2022","Suppressed","",
"55","Wisconsin","55139","Winnebago","2022","36","",
"55","Wisconsin","55141","Wood","2022","15","",
